1,This is some address of some person with № 1,1
2,This is some address of some person with № 2,2
3,This is some address of some person with № 3,3
4,This is some address of some person with № 4,4
5,This is some address of some person with № 5,5
6,This is some address of some person with № 6,6
7,This is some address of some person with № 7,7
8,This is some address of some person with № 8,8
9,This is some address of some person with № 9,9
10,This is some address of some person with № 10,10
11,This is some address of some person with № 11,11
12,This is some address of some person with № 12,12
13,This is some address of some person with № 13,13
14,This is some address of some person with № 14,14
15,This is some address of some person with № 15,15
16,This is some address of some person with № 16,16
17,This is some address of some person with № 17,17
18,This is some address of some person with № 18,18
19,This is some address of some person with № 19,19
20,This is some address of some person with № 20,20
21,This is some address of some person with № 21,21
22,This is some address of some person with № 22,22
23,This is some address of some person with № 23,23
24,This is some address of some person with № 24,24
25,This is some address of some person with № 25,25
26,This is some address of some person with № 26,26
27,This is some address of some person with № 27,27
28,This is some address of some person with № 28,28
29,This is some address of some person with № 29,29
30,This is some address of some person with № 30,30
31,This is some address of some person with № 31,31
32,This is some address of some person with № 32,32
33,This is some address of some person with № 33,33
34,This is some address of some person with № 34,34
35,This is some address of some person with № 35,35
36,This is some address of some person with № 36,36
37,This is some address of some person with № 37,37
38,This is some address of some person with № 38,38
39,This is some address of some person with № 39,39
40,This is some address of some person with № 40,40
41,This is some address of some person with № 41,41
42,This is some address of some person with № 42,42
43,This is some address of some person with № 43,43
44,This is some address of some person with № 44,44
45,This is some address of some person with № 45,45
46,This is some address of some person with № 46,46
47,This is some address of some person with № 47,47
48,This is some address of some person with № 48,48
49,This is some address of some person with № 49,49
50,This is some address of some person with № 50,50
51,This is some address of some person with № 51,51
52,This is some address of some person with № 52,52
53,This is some address of some person with № 53,53
54,This is some address of some person with № 54,54
55,This is some address of some person with № 55,55
56,This is some address of some person with № 56,56
57,This is some address of some person with № 57,57
58,This is some address of some person with № 58,58
59,This is some address of some person with № 59,59
60,This is some address of some person with № 60,60
61,This is some address of some person with № 61,61
62,This is some address of some person with № 62,62
63,This is some address of some person with № 63,63
64,This is some address of some person with № 64,64
65,This is some address of some person with № 65,65
66,This is some address of some person with № 66,66
67,This is some address of some person with № 67,67
68,This is some address of some person with № 68,68
69,This is some address of some person with № 69,69
70,This is some address of some person with № 70,70
71,This is some address of some person with № 71,71
72,This is some address of some person with № 72,72
73,This is some address of some person with № 73,73
74,This is some address of some person with № 74,74
75,This is some address of some person with № 75,75
76,This is some address of some person with № 76,76
77,This is some address of some person with № 77,77
78,This is some address of some person with № 78,78
79,This is some address of some person with № 79,79
80,This is some address of some person with № 80,80
81,This is some address of some person with № 81,81
82,This is some address of some person with № 82,82
83,This is some address of some person with № 83,83
84,This is some address of some person with № 84,84
85,This is some address of some person with № 85,85
86,This is some address of some person with № 86,86
87,This is some address of some person with № 87,87
88,This is some address of some person with № 88,88
89,This is some address of some person with № 89,89
90,This is some address of some person with № 90,90
91,This is some address of some person with № 91,91
92,This is some address of some person with № 92,92
93,This is some address of some person with № 93,93
94,This is some address of some person with № 94,94
95,This is some address of some person with № 95,95
96,This is some address of some person with № 96,96
97,This is some address of some person with № 97,97
98,This is some address of some person with № 98,98
99,This is some address of some person with № 99,99
100,This is some address of some person with № 100,100
