1,This review of some product with № 1,4,1,6
2,This review of some product with № 6,4,6,98
3,This review of some product with № 11,4,11,33
4,This review of some product with № 16,3,16,53
5,This review of some product with № 21,4,21,84
6,This review of some product with № 26,5,26,71
7,This review of some product with № 31,4,31,21
8,This review of some product with № 36,5,36,1
9,This review of some product with № 41,3,41,20
10,This review of some product with № 46,4,46,59
11,This review of some product with № 51,5,51,6
12,This review of some product with № 56,4,56,12
13,This review of some product with № 61,3,61,56
14,This review of some product with № 66,3,66,63
15,This review of some product with № 71,4,71,39
16,This review of some product with № 76,5,76,29
17,This review of some product with № 81,3,81,37
18,This review of some product with № 86,4,86,9
19,This review of some product with № 91,4,91,2
20,This review of some product with № 96,4,96,55
21,This review of some product with № 101,4,101,5
22,This review of some product with № 106,3,106,51
23,This review of some product with № 111,4,111,57
24,This review of some product with № 116,5,116,41
25,This review of some product with № 121,3,121,19
26,This review of some product with № 126,4,126,68
27,This review of some product with № 131,3,131,51
28,This review of some product with № 136,5,136,30
29,This review of some product with № 141,3,141,25
30,This review of some product with № 146,4,146,95
31,This review of some product with № 151,3,151,34
32,This review of some product with № 156,4,156,54
33,This review of some product with № 161,5,161,42
34,This review of some product with № 166,4,166,60
35,This review of some product with № 171,5,171,61
36,This review of some product with № 176,5,176,12
37,This review of some product with № 181,5,181,46
38,This review of some product with № 186,3,186,4
39,This review of some product with № 191,3,191,86
40,This review of some product with № 196,5,196,6
41,This review of some product with № 201,3,201,60
42,This review of some product with № 206,3,206,46
43,This review of some product with № 211,5,211,80
44,This review of some product with № 216,3,216,71
45,This review of some product with № 221,3,221,71
46,This review of some product with № 226,3,226,28
47,This review of some product with № 231,5,231,46
48,This review of some product with № 236,4,236,51
49,This review of some product with № 241,3,241,50
50,This review of some product with № 246,5,246,9
51,This review of some product with № 251,5,251,17
52,This review of some product with № 256,5,256,26
53,This review of some product with № 261,5,261,59
54,This review of some product with № 266,4,266,39
55,This review of some product with № 271,3,271,34
56,This review of some product with № 276,5,276,63
57,This review of some product with № 281,5,281,34
58,This review of some product with № 286,3,286,68
59,This review of some product with № 291,3,291,94
60,This review of some product with № 296,4,296,73
61,This review of some product with № 301,3,301,37
62,This review of some product with № 306,4,306,68
63,This review of some product with № 311,5,311,13
64,This review of some product with № 316,5,316,50
65,This review of some product with № 321,4,321,23
66,This review of some product with № 326,3,326,49
67,This review of some product with № 331,3,331,44
68,This review of some product with № 336,4,336,44
69,This review of some product with № 341,4,341,70
70,This review of some product with № 346,5,346,4
71,This review of some product with № 351,5,351,50
72,This review of some product with № 356,3,356,43
73,This review of some product with № 361,4,361,43
74,This review of some product with № 366,5,366,79
75,This review of some product with № 371,3,371,28
76,This review of some product with № 376,3,376,55
77,This review of some product with № 381,4,381,6
78,This review of some product with № 386,4,386,83
79,This review of some product with № 391,4,391,22
80,This review of some product with № 396,5,396,11
81,This review of some product with № 401,5,401,98
82,This review of some product with № 406,5,406,33
83,This review of some product with № 411,4,411,26
84,This review of some product with № 416,4,416,19
85,This review of some product with № 421,3,421,42
86,This review of some product with № 426,3,426,22
87,This review of some product with № 431,5,431,51
88,This review of some product with № 436,3,436,27
89,This review of some product with № 441,4,441,8
90,This review of some product with № 446,3,446,8
91,This review of some product with № 451,3,451,3
92,This review of some product with № 456,3,456,57
93,This review of some product with № 461,3,461,7
94,This review of some product with № 466,3,466,91
95,This review of some product with № 471,3,471,86
96,This review of some product with № 476,4,476,25
97,This review of some product with № 481,3,481,22
98,This review of some product with № 486,5,486,82
99,This review of some product with № 491,3,491,54
100,This review of some product with № 496,3,496,71
101,This review of some product with № 501,3,501,61
102,This review of some product with № 506,5,506,47
103,This review of some product with № 511,3,511,62
104,This review of some product with № 516,3,516,89
105,This review of some product with № 521,5,521,28
106,This review of some product with № 526,5,526,62
107,This review of some product with № 531,5,531,63
108,This review of some product with № 536,5,536,57
109,This review of some product with № 541,4,541,65
110,This review of some product with № 546,3,546,55
111,This review of some product with № 551,4,551,51
112,This review of some product with № 556,4,556,26
113,This review of some product with № 561,4,561,82
114,This review of some product with № 566,5,566,54
115,This review of some product with № 571,3,571,83
116,This review of some product with № 576,3,576,94
117,This review of some product with № 581,5,581,19
118,This review of some product with № 586,4,586,78
119,This review of some product with № 591,4,591,94
120,This review of some product with № 596,4,596,47
121,This review of some product with № 601,4,601,98
122,This review of some product with № 606,3,606,3
123,This review of some product with № 611,4,611,50
124,This review of some product with № 616,5,616,16
125,This review of some product with № 621,5,621,13
126,This review of some product with № 626,4,626,17
127,This review of some product with № 631,4,631,55
128,This review of some product with № 636,4,636,33
129,This review of some product with № 641,4,641,85
130,This review of some product with № 646,4,646,3
131,This review of some product with № 651,4,651,83
132,This review of some product with № 656,3,656,72
133,This review of some product with № 661,3,661,20
134,This review of some product with № 666,4,666,4
135,This review of some product with № 671,5,671,86
136,This review of some product with № 676,4,676,61
137,This review of some product with № 681,5,681,29
138,This review of some product with № 686,4,686,47
139,This review of some product with № 691,5,691,59
140,This review of some product with № 696,5,696,11
141,This review of some product with № 701,5,701,51
142,This review of some product with № 706,4,706,64
143,This review of some product with № 711,3,711,86
144,This review of some product with № 716,4,716,69
145,This review of some product with № 721,3,721,4
146,This review of some product with № 726,5,726,98
147,This review of some product with № 731,5,731,25
148,This review of some product with № 736,5,736,2
149,This review of some product with № 741,4,741,21
150,This review of some product with № 746,3,746,61
151,This review of some product with № 751,3,751,20
152,This review of some product with № 756,4,756,99
153,This review of some product with № 761,5,761,60
154,This review of some product with № 766,5,766,47
155,This review of some product with № 771,4,771,23
156,This review of some product with № 776,5,776,99
157,This review of some product with № 781,4,781,76
158,This review of some product with № 786,3,786,93
159,This review of some product with № 791,5,791,68
160,This review of some product with № 796,5,796,100
161,This review of some product with № 801,3,801,86
162,This review of some product with № 806,4,806,33
163,This review of some product with № 811,3,811,42
164,This review of some product with № 816,4,816,96
165,This review of some product with № 821,4,821,38
166,This review of some product with № 826,5,826,70
167,This review of some product with № 831,3,831,71
168,This review of some product with № 836,5,836,53
169,This review of some product with № 841,4,841,34
170,This review of some product with № 846,5,846,95
171,This review of some product with № 851,3,851,89
172,This review of some product with № 856,4,856,53
173,This review of some product with № 861,3,861,76
174,This review of some product with № 866,5,866,32
175,This review of some product with № 871,5,871,85
176,This review of some product with № 876,3,876,29
177,This review of some product with № 881,5,881,20
178,This review of some product with № 886,4,886,31
179,This review of some product with № 891,3,891,70
180,This review of some product with № 896,4,896,72
181,This review of some product with № 901,5,901,9
182,This review of some product with № 906,3,906,11
183,This review of some product with № 911,4,911,82
184,This review of some product with № 916,3,916,4
185,This review of some product with № 921,5,921,34
186,This review of some product with № 926,4,926,5
187,This review of some product with № 931,4,931,52
188,This review of some product with № 936,4,936,9
189,This review of some product with № 941,3,941,58
190,This review of some product with № 946,5,946,100
191,This review of some product with № 951,3,951,39
192,This review of some product with № 956,3,956,98
193,This review of some product with № 961,4,961,41
194,This review of some product with № 966,5,966,95
195,This review of some product with № 971,3,971,74
196,This review of some product with № 976,5,976,76
197,This review of some product with № 981,3,981,30
198,This review of some product with № 986,4,986,95
199,This review of some product with № 991,5,991,44
200,This review of some product with № 996,5,996,12
201,This review of some product with № 1001,5,1001,68
202,This review of some product with № 1006,4,1006,27
203,This review of some product with № 1011,4,1011,70
204,This review of some product with № 1016,4,1016,51
205,This review of some product with № 1021,5,1021,73
206,This review of some product with № 1026,5,1026,99
207,This review of some product with № 1031,5,1031,51
208,This review of some product with № 1036,4,1036,93
209,This review of some product with № 1041,5,1041,72
210,This review of some product with № 1046,5,1046,9
211,This review of some product with № 1051,4,1051,29
212,This review of some product with № 1056,4,1056,25
213,This review of some product with № 1061,4,1061,35
214,This review of some product with № 1066,5,1066,97
215,This review of some product with № 1071,4,1071,24
216,This review of some product with № 1076,5,1076,47
217,This review of some product with № 1081,4,1081,42
218,This review of some product with № 1086,3,1086,7
219,This review of some product with № 1091,5,1091,60
220,This review of some product with № 1096,4,1096,19
221,This review of some product with № 1101,3,1101,16
222,This review of some product with № 1106,5,1106,44
223,This review of some product with № 1111,4,1111,94
224,This review of some product with № 1116,4,1116,66
225,This review of some product with № 1121,4,1121,53
226,This review of some product with № 1126,5,1126,23
227,This review of some product with № 1131,3,1131,2
228,This review of some product with № 1136,3,1136,78
229,This review of some product with № 1141,5,1141,84
230,This review of some product with № 1146,4,1146,76
231,This review of some product with № 1151,3,1151,8
232,This review of some product with № 1156,3,1156,28
233,This review of some product with № 1161,5,1161,29
234,This review of some product with № 1166,5,1166,12
235,This review of some product with № 1171,3,1171,40
236,This review of some product with № 1176,3,1176,94
237,This review of some product with № 1181,3,1181,57
238,This review of some product with № 1186,3,1186,31
239,This review of some product with № 1191,5,1191,23
240,This review of some product with № 1196,4,1196,74
241,This review of some product with № 1201,4,1201,59
242,This review of some product with № 1206,5,1206,95
243,This review of some product with № 1211,3,1211,39
244,This review of some product with № 1216,5,1216,20
245,This review of some product with № 1221,5,1221,25
246,This review of some product with № 1226,3,1226,65
247,This review of some product with № 1231,3,1231,87
248,This review of some product with № 1236,5,1236,81
249,This review of some product with № 1241,5,1241,49
250,This review of some product with № 1246,3,1246,44
251,This review of some product with № 1251,4,1251,5
252,This review of some product with № 1256,3,1256,27
253,This review of some product with № 1261,4,1261,6
254,This review of some product with № 1266,4,1266,85
255,This review of some product with № 1271,3,1271,78
256,This review of some product with № 1276,3,1276,40
257,This review of some product with № 1281,3,1281,35
258,This review of some product with № 1286,4,1286,28
259,This review of some product with № 1291,3,1291,79
260,This review of some product with № 1296,4,1296,57
261,This review of some product with № 1301,4,1301,84
262,This review of some product with № 1306,3,1306,75
