1,user1@gmail.com,61111112,User №1
2,user2@gmail.com,61111113,User №2
3,user3@gmail.com,61111114,User №3
4,user4@gmail.com,61111115,User №4
5,user5@gmail.com,61111116,User №5
6,user6@gmail.com,61111117,User №6
7,user7@gmail.com,61111118,User №7
8,user8@gmail.com,61111119,User №8
9,user9@gmail.com,61111120,User №9
10,user10@gmail.com,61111121,User №10
11,user11@gmail.com,61111122,User №11
12,user12@gmail.com,61111123,User №12
13,user13@gmail.com,61111124,User №13
14,user14@gmail.com,61111125,User №14
15,user15@gmail.com,61111126,User №15
16,user16@gmail.com,61111127,User №16
17,user17@gmail.com,61111128,User №17
18,user18@gmail.com,61111129,User №18
19,user19@gmail.com,61111130,User №19
20,user20@gmail.com,61111131,User №20
21,user21@gmail.com,61111132,User №21
22,user22@gmail.com,61111133,User №22
23,user23@gmail.com,61111134,User №23
24,user24@gmail.com,61111135,User №24
25,user25@gmail.com,61111136,User №25
26,user26@gmail.com,61111137,User №26
27,user27@gmail.com,61111138,User №27
28,user28@gmail.com,61111139,User №28
29,user29@gmail.com,61111140,User №29
30,user30@gmail.com,61111141,User №30
31,user31@gmail.com,61111142,User №31
32,user32@gmail.com,61111143,User №32
33,user33@gmail.com,61111144,User №33
34,user34@gmail.com,61111145,User №34
35,user35@gmail.com,61111146,User №35
36,user36@gmail.com,61111147,User №36
37,user37@gmail.com,61111148,User №37
38,user38@gmail.com,61111149,User №38
39,user39@gmail.com,61111150,User №39
40,user40@gmail.com,61111151,User №40
41,user41@gmail.com,61111152,User №41
42,user42@gmail.com,61111153,User №42
43,user43@gmail.com,61111154,User №43
44,user44@gmail.com,61111155,User №44
45,user45@gmail.com,61111156,User №45
46,user46@gmail.com,61111157,User №46
47,user47@gmail.com,61111158,User №47
48,user48@gmail.com,61111159,User №48
49,user49@gmail.com,61111160,User №49
50,user50@gmail.com,61111161,User №50
51,user51@gmail.com,61111162,User №51
52,user52@gmail.com,61111163,User №52
53,user53@gmail.com,61111164,User №53
54,user54@gmail.com,61111165,User №54
55,user55@gmail.com,61111166,User №55
56,user56@gmail.com,61111167,User №56
57,user57@gmail.com,61111168,User №57
58,user58@gmail.com,61111169,User №58
59,user59@gmail.com,61111170,User №59
60,user60@gmail.com,61111171,User №60
61,user61@gmail.com,61111172,User №61
62,user62@gmail.com,61111173,User №62
63,user63@gmail.com,61111174,User №63
64,user64@gmail.com,61111175,User №64
65,user65@gmail.com,61111176,User №65
66,user66@gmail.com,61111177,User №66
67,user67@gmail.com,61111178,User №67
68,user68@gmail.com,61111179,User №68
69,user69@gmail.com,61111180,User №69
70,user70@gmail.com,61111181,User №70
71,user71@gmail.com,61111182,User №71
72,user72@gmail.com,61111183,User №72
73,user73@gmail.com,61111184,User №73
74,user74@gmail.com,61111185,User №74
75,user75@gmail.com,61111186,User №75
76,user76@gmail.com,61111187,User №76
77,user77@gmail.com,61111188,User №77
78,user78@gmail.com,61111189,User №78
79,user79@gmail.com,61111190,User №79
80,user80@gmail.com,61111191,User №80
81,user81@gmail.com,61111192,User №81
82,user82@gmail.com,61111193,User №82
83,user83@gmail.com,61111194,User №83
84,user84@gmail.com,61111195,User №84
85,user85@gmail.com,61111196,User №85
86,user86@gmail.com,61111197,User №86
87,user87@gmail.com,61111198,User №87
88,user88@gmail.com,61111199,User №88
89,user89@gmail.com,61111200,User №89
90,user90@gmail.com,61111201,User №90
91,user91@gmail.com,61111202,User №91
92,user92@gmail.com,61111203,User №92
93,user93@gmail.com,61111204,User №93
94,user94@gmail.com,61111205,User №94
95,user95@gmail.com,61111206,User №95
96,user96@gmail.com,61111207,User №96
97,user97@gmail.com,61111208,User №97
98,user98@gmail.com,61111209,User №98
99,user99@gmail.com,61111210,User №99
100,user100@gmail.com,61111211,User №100
