1,2E,http://localhost:3002/173/qDLmv7fzFP.png
2,70mai,http://localhost:3002/759/F0oBxgxOWB.png
3,A4TECH,http://localhost:3002/207/wwUVT0WGyC.png
4,ADATA,http://localhost:3002/125/Ri25D2Enh2.png
5,AEROCOOL,http://localhost:3002/9/qzcvka40oJ.png
6,AMAZON,http://localhost:3002/700/SLjtwVLhm4.png
7,ANDA SEAT,http://localhost:3002/1031/PTnHaxijrX.png
8,ANKER,http://localhost:3002/708/HXGqShOAc9.png
9,ANTEC,http://localhost:3002/11/T9nKhA2lSS.png
10,ANYCOLOR,http://localhost:3002/849/pgi3THvJrz.png
11,AORUS,http://localhost:3002/309/EJRL6wcuV9.png
12,APACER,http://localhost:3002/497/A3NhU5NM5W.png
13,APPLE,http://localhost:3002/769/Vip6K4muH2.png
14,ARCTIC,http://localhost:3002/180/evBTkDpZ1v.png
15,ARENTI,http://localhost:3002/1046/GL5Wbe8WZG.png
16,ASUS,http://localhost:3002/300/yw2UQ3Yoe5.png
17,BELKIN,http://localhost:3002/709/76kr1lAY5S.png
18,BOSCH,http://localhost:3002/1246/xIox7kPLuO.png
19,BOSE,http://localhost:3002/329/Nfha2TkAmK.png
20,CANON,http://localhost:3002/808/0l7rqXlbef.png
21,CANYON,http://localhost:3002/271/M0yoZ8Vcgu.png
22,CASSIDA,http://localhost:3002/992/IjS3JwU3UV.png
23,COOLER MASTER,http://localhost:3002/158/bhktIroalA.png
24,CORSAIR,http://localhost:3002/166/Oa6QMNrHzx.png
25,CRUCIAL,http://localhost:3002/667/NLwW6XqTOC.png
26,DAHUA,http://localhost:3002/976/a6d7WlTWEU.png
27,DEEPCOOL,http://localhost:3002/15/SoKk5z0VYf.png
28,DEERMA,http://localhost:3002/1073/AFjTUFccv1.png
29,DELI,http://localhost:3002/840/kIxSzgMWQN.png
30,DELL,http://localhost:3002/550/d0RlO7IbIn.png
31,D-LINK,http://localhost:3002/927/ui9HAyDrSZ.png
32,DREAM MACHINES,http://localhost:3002/307/JHcKknTZq0.png
33,DXRACER,http://localhost:3002/1035/PnGGUXEQdr.png
34,EMTEC,http://localhost:3002/500/HNWSr5eJ7a.png
35,E-POS,http://localhost:3002/982/d01gODhwcV.png
36,EPSON,http://localhost:3002/803/uSNqKLyYII.png
37,F&D,http://localhost:3002/373/UxVfD4h5qC.png
38,FIXTEC,http://localhost:3002/1228/Xvtgh8fz2W.png
39,FJGEAR,http://localhost:3002/1227/kkaLPhrBY6.png
40,FLEXSTON,http://localhost:3002/830/uhdtglDPLR.png
41,FRACTAL,http://localhost:3002/17/wLW0lACAIP.png
42,FSP,http://localhost:3002/143/56eYSCCdO5.png
43,FURY,http://localhost:3002/80/xFReilR6MO.png
44,GALAX,http://localhost:3002/1038/uVpgdbdoiA.png
45,GAMEMAX,http://localhost:3002/168/dNB1Y5bIJu.png
46,GENIUS,http://localhost:3002/272/eq8G0m4Bku.png
47,GIGABYTE,http://localhost:3002/95/VVkze7AN5K.png
48,GIGASET,http://localhost:3002/815/nNH5UYnySz.png
49,G-MAX,http://localhost:3002/1044/JmbaB0Ommw.png
50,GP,http://localhost:3002/1085/ZppTZ4b1vM.png
51,HARMAN KARDON,http://localhost:3002/369/VkSIZkG87W.png
52,Hewlett Packard Enterprise,http://localhost:3002/556/N0zJKSP54F.png
53,HI-TONER,http://localhost:3002/851/vU7AnRp1LB.png
54,HONEYWELL,http://localhost:3002/985/7qPOmmUm71.png
55,HP,http://localhost:3002/211/w2WQ24nLP3.png
56,HUAWEI,http://localhost:3002/938/28LyViISDL.png
57,HUION,http://localhost:3002/692/KRFdCZQWaQ.png
58,HYPERX,http://localhost:3002/86/5irYu6pHOw.png
59,INKBANK,http://localhost:3002/885/1Foer63MLA.png
60,INTEL,http://localhost:3002/62/tGbkHr7ydk.png
61,J5,http://localhost:3002/423/y8wMsIbBfw.png
62,JBL,http://localhost:3002/371/lC6b3vBiGh.png
63,KGTEL,http://localhost:3002/685/w6CHHXc9Ls.png
64,KINGSTON,http://localhost:3002/130/aeMsiUWQsY.png
65,KOLIBRI,http://localhost:3002/994/lKPvLDSB5z.png
66,LanCai,http://localhost:3002/843/72cENGo2bt.png
67,LENOVO,http://localhost:3002/340/H9uyt1qE5z.png
68,LEXAR,http://localhost:3002/530/EzwBqbqu8w.png
69,LIAN LI,http://localhost:3002/198/mQ7eWjfERZ.png
70,LIGHT WAVE,http://localhost:3002/1121/tDut4eoY0m.png
71,LOGITECH,http://localhost:3002/261/xfclLT30tx.png
72,MAXFONE,http://localhost:3002/691/h5BhZk48oI.png
73,MAXMA,http://localhost:3002/1016/rM2XDfxUSD.png
74,MERCURY,http://localhost:3002/1013/AFPKUrRbTd.png
75,MERLIN,http://localhost:3002/486/VhEN91zO05.png
76,MMC,http://localhost:3002/859/P6WxGaVQkt.png
77,MM (DOUBLE M),http://localhost:3002/649/71aZPjOKOX.png
78,MR.DATA,http://localhost:3002/1262/YVK81Rfree.png
79,MSI,http://localhost:3002/38/ef66NGmkF8.png
80,NETIS,http://localhost:3002/894/fcwr7PcF8F.png
81,NZXT,http://localhost:3002/31/D3NpLnSRoe.png
82,OKI,http://localhost:3002/867/X2KNK5mswM.png
83,OMEN,http://localhost:3002/283/GonH9xJZio.png
84,OPENBOX,http://localhost:3002/1071/NcQohSeUrO.png
85,ORICO,http://localhost:3002/918/XaXTRQRvjX.png
86,OSCOO,http://localhost:3002/509/PtRAIhnHjA.png
87,PALIT,http://localhost:3002/100/DQDiLxBkXb.png
88,PANASONIC,http://localhost:3002/825/xDhsgdn07s.png
89,PARBLO,http://localhost:3002/693/25Ech6R1Mf.png
90,PARTNER TECH,http://localhost:3002/978/zZHbPh40ws.png
91,PHILIPS,http://localhost:3002/405/TPMS8TnCO3.png
92,PLM,http://localhost:3002/578/aeCpsc9ZqG.png
93,PNY,http://localhost:3002/510/T8khTjHBAb.png
94,PORODO,http://localhost:3002/735/OsVXN1WSM7.png
95,PREMIUM,http://localhost:3002/868/ayKrV5fxgx.png
96,RAIDMAX,http://localhost:3002/141/v1nscVcOf0.png
97,RAPOO,http://localhost:3002/348/TiAlGnmMd6.png
98,RAZER,http://localhost:3002/415/fmdbY7vq1o.png
99,RIBBON,http://localhost:3002/1000/lVwsZM0JmA.png
100,RIVACASE,http://localhost:3002/595/T3hzQPaYWn.png
101,ROG,http://localhost:3002/13/o14JVhhi67.png
102,SAMSUNG,http://localhost:3002/705/i6vNJovPR5.png
103,SANDISK,http://localhost:3002/515/9OBK7mZd1W.png
104,SEAGATE,http://localhost:3002/451/0wvXdjcEh9.png
105,SHARKOON,http://localhost:3002/192/MuduKnWGvW.png
106,SIGNATURE,http://localhost:3002/32/SQUoPtsewf.png
107,SONY,http://localhost:3002/412/YeWfpt4qs9.png
108,SPS,http://localhost:3002/872/rLyQ7z13Oe.png
109,STEELSERIES,http://localhost:3002/357/9w6NFDJlxR.png
110,TARGUS,http://localhost:3002/1272/WGGQHVtUsQ.png
111,TEAM GROUP,http://localhost:3002/137/bLveWz4AuV.png
112,TENCIA,http://localhost:3002/952/fi5AXhwX6F.png
113,TENDA,http://localhost:3002/929/bnrfbsQ1Um.png
114,TERMINATOR,http://localhost:3002/1239/IuDaol1xLm.png
115,T-FORCE,http://localhost:3002/88/vqHObAVf07.png
116,THERMALTAKE,http://localhost:3002/171/xQoYLPJqla.png
117,TOSHIBA,http://localhost:3002/665/GVz99KQlK6.png
118,TOTAL,http://localhost:3002/1229/rwpsFVRV1G.png
119,TP-LINK,http://localhost:3002/912/S5aSWQ3PMZ.png
120,TRANSCEND,http://localhost:3002/477/E5f7gw72f1.png
121,TUF,http://localhost:3002/89/54Bitix10D.png
122,UGREEN,http://localhost:3002/963/9jZi3j4vst.png
123,WESTERN DIGITAL,http://localhost:3002/480/Ey0NY4Z1L8.png
124,XDATA,http://localhost:3002/668/xCxwZKovLx.png
125,XEROX,http://localhost:3002/844/8kilqK8q1I.png
126,XIAOMI,http://localhost:3002/382/7fsKRktLjb.png
127,XP-PEN,http://localhost:3002/694/otRiXibPGU.png
128,ZALMAN,http://localhost:3002/35/gdfcH7Zj3A.png
129,«Лаборатория Касперского»,http://localhost:3002/1245/4RzX41ey1k.png
